SubjID,Sex,Age,APOE,APOEGrp,FinalDiagnosis
011_S_0002,1,74,3,0,2
011_S_0008,2,84,2,0,2
100_S_0015,1,80,5,1,2
011_S_0021,2,72,2,0,1
011_S_0023,1,71,3,0,1
023_S_0031,2,77,3,0,1
100_S_0035,1,76,3,0,2
023_S_0042,1,72,3,0,4
100_S_0047,1,84,2,0,1
099_S_0051,1,66,6,1,4
018_S_0055,1,75,3,0,2
067_S_0056,2,69,2,0,2
023_S_0058,1,70,5,1,1
067_S_0059,2,70,3,0,2
023_S_0061,2,77,3,0,4
007_S_0068,2,74,3,0,1
100_S_0069,1,72,3,0,2
123_S_0072,1,70,3,0,1
027_S_0074,1,78,3,0,1
073_S_0089,1,65,3,0,1
022_S_0096,1,79,3,0,1
007_S_0101,1,73,6,1,4
123_S_0106,2,73,3,0,4
136_S_0107,2,60,3,0,3
123_S_0108,1,78,5,1,4
127_S_0112,1,70,4,1,4
123_S_0113,1,75,2,0,1
027_S_0116,1,78,3,0,3
027_S_0118,1,80,3,0,1
027_S_0120,1,72,5,1,1
131_S_0123,1,73,3,0,4
041_S_0125,1,73,3,0,1
023_S_0126,2,77,5,1,4
068_S_0127,1,70,3,0,2
007_S_0128,2,64,6,1,4
022_S_0130,1,73,3,0,1
128_S_0135,2,82,3,0,4
128_S_0138,1,86,3,0,2
018_S_0142,1,79,5,1,4
037_S_0150,1,73,3,0,4
035_S_0156,1,74,3,0,2
021_S_0159,2,77,3,0,1
098_S_0160,1,75,5,1,4
114_S_0166,2,72,5,1,4
014_S_0169,2,71,5,1,3
098_S_0171,2,78,3,0,3
098_S_0172,2,70,3,0,1
114_S_0173,1,73,3,0,2
021_S_0178,1,64,3,0,1
136_S_0186,2,80,3,0,1
128_S_0200,1,61,3,0,3
128_S_0205,2,66,3,0,1
032_S_0214,1,65,6,1,4
023_S_0217,2,83,3,0,4
128_S_0225,2,82,3,0,3
128_S_0227,2,79,6,1,4
128_S_0229,2,74,5,1,2
128_S_0230,1,80,3,0,4
130_S_0232,1,78,3,0,3
027_S_0256,1,70,6,1,4
067_S_0257,2,78,5,1,1
127_S_0259,1,70,3,0,4
127_S_0260,2,78,2,0,1
098_S_0269,1,67,5,1,4
128_S_0272,2,70,3,0,1
021_S_0276,1,70,2,0,4
130_S_0285,1,65,5,1,4
130_S_0289,1,67,3,0,4
099_S_0291,1,79,5,1,3
031_S_0294,1,79,3,0,4
100_S_0296,1,79,3,0,3
123_S_0298,1,76,3,0,1
137_S_0301,2,73,3,0,1
037_S_0303,1,84,5,1,1
027_S_0307,1,78,3,0,3
073_S_0311,2,78,5,1,1
072_S_0315,1,71,3,0,1
023_S_0331,2,64,6,1,4
021_S_0337,1,75,5,1,1
031_S_0351,1,68,3,0,3
099_S_0352,2,77,3,0,1
016_S_0359,2,81,3,0,1
116_S_0361,1,74,5,1,4
037_S_0377,1,79,5,1,3
114_S_0378,2,69,5,1,4
116_S_0382,2,75,3,0,1
131_S_0384,1,79,3,0,1
027_S_0408,1,82,3,0,4
002_S_0413,2,76,3,0,1
114_S_0416,2,75,3,0,4
131_S_0441,2,72,3,0,1
005_S_0448,1,85,3,0,4
037_S_0454,2,81,3,0,2
137_S_0459,1,72,3,0,2
037_S_0467,2,81,3,0,4
068_S_0473,1,72,5,1,1
032_S_0479,2,73,3,0,1
006_S_0498,1,70,4,1,1
037_S_0501,1,77,3,0,4
033_S_0514,1,80,3,0,4
014_S_0519,1,74,3,0,1
014_S_0520,2,77,6,1,2
128_S_0522,1,70,3,0,2
037_S_0539,1,73,5,1,4
128_S_0545,1,71,3,0,2
005_S_0546,1,79,5,1,3
014_S_0548,2,73,5,1,4
037_S_0552,2,60,5,1,4
005_S_0553,1,84,2,0,1
035_S_0555,1,76,5,1,4
014_S_0557,1,72,5,1,3
014_S_0558,1,79,3,0,4
014_S_0563,1,80,3,0,4
037_S_0566,1,78,5,1,4
005_S_0572,1,78,6,1,4
037_S_0588,1,64,6,1,4
005_S_0602,1,70,3,0,2
126_S_0605,2,75,5,1,4
005_S_0610,1,79,3,0,1
031_S_0618,1,74,5,1,1
127_S_0622,2,74,5,1,2
023_S_0625,1,75,3,0,4
021_S_0626,1,83,3,0,4
012_S_0637,2,76,2,0,1
027_S_0644,1,75,3,0,3
116_S_0649,1,86,4,1,4
116_S_0657,2,77,2,0,1
014_S_0658,1,72,3,0,4
098_S_0667,1,69,5,1,4
137_S_0668,1,73,3,0,1
052_S_0671,2,61,5,1,4
036_S_0672,2,62,2,0,1
036_S_0673,1,78,6,1,3
032_S_0677,1,70,3,0,1
041_S_0679,1,62,3,0,1
126_S_0680,1,77,2,0,2
127_S_0684,2,77,3,0,1
002_S_0685,2,89,3,0,1
137_S_0686,1,72,2,0,1
136_S_0695,1,74,5,1,4
141_S_0697,1,86,2,0,4
007_S_0698,1,74,5,1,4
016_S_0702,1,84,5,1,4
126_S_0709,1,83,5,1,3
141_S_0717,1,76,3,0,3
137_S_0722,1,70,3,0,3
002_S_0729,2,65,5,1,4
006_S_0731,1,71,3,0,1
033_S_0734,1,72,3,0,1
033_S_0741,2,80,5,1,2
073_S_0746,2,73,3,0,3
116_S_0752,2,82,5,1,4
141_S_0767,2,73,3,0,1
128_S_0770,1,71,3,0,3
129_S_0778,1,72,5,1,4
137_S_0800,1,74,6,1,3
068_S_0802,2,80,3,0,3
036_S_0813,1,72,3,0,1
029_S_0824,2,76,3,0,1
031_S_0830,1,70,5,1,4
082_S_0832,1,79,5,1,4
116_S_0834,1,63,5,1,4
027_S_0835,1,72,5,1,4
009_S_0842,1,73,5,1,1
029_S_0843,1,70,3,0,4
029_S_0845,1,80,5,1,1
128_S_0863,1,79,3,0,1
031_S_0867,1,71,3,0,3
036_S_0869,2,82,5,1,4
068_S_0872,1,69,3,0,4
136_S_0873,2,78,5,1,4
029_S_0878,1,72,5,1,4
130_S_0886,2,71,2,0,1
023_S_0887,2,73,5,1,4
098_S_0896,1,76,3,0,4
033_S_0906,2,65,5,1,4
003_S_0907,2,88,3,0,1
003_S_0908,2,62,2,0,3
029_S_0914,1,74,5,1,4
141_S_0915,2,80,5,1,4
053_S_0919,1,62,4,1,3
033_S_0920,2,80,5,1,4
033_S_0922,1,68,5,1,4
033_S_0923,1,83,3,0,1
127_S_0925,1,74,3,0,4
023_S_0926,2,71,3,0,2
057_S_0934,2,70,3,0,1
036_S_0945,1,72,3,0,4
052_S_0951,1,84,3,0,1
052_S_0952,2,81,4,1,4
137_S_0972,1,77,5,1,4
137_S_0973,1,76,3,0,4
032_S_0978,1,73,5,1,4
021_S_0984,1,76,5,1,4
024_S_0985,1,81,4,1,4
052_S_0989,2,64,4,1,3
137_S_0994,2,55,5,1,4
035_S_0997,2,80,3,0,4
141_S_1004,2,73,5,1,4
057_S_1007,1,72,3,0,4
041_S_1010,1,74,5,1,4
033_S_1016,2,78,3,0,1
036_S_1023,2,77,5,1,1
009_S_1030,1,67,3,0,4
127_S_1032,1,84,5,1,4
099_S_1034,1,75,2,0,3
051_S_1040,1,71,3,0,3
128_S_1043,1,68,3,0,4
027_S_1045,2,82,3,0,3
023_S_1046,1,71,5,1,3
141_S_1052,2,69,5,1,3
003_S_1057,2,61,6,1,4
024_S_1063,2,78,5,1,3
031_S_1066,1,72,6,1,4
051_S_1072,2,59,3,0,3
003_S_1074,2,85,3,0,4
037_S_1078,1,70,6,1,4
011_S_1080,1,81,3,0,4
022_S_1097,1,73,3,0,4
033_S_1098,2,72,5,1,4
114_S_1106,2,74,3,0,4
033_S_1116,1,83,6,1,4
016_S_1117,2,68,3,0,4
114_S_1118,1,82,3,0,3
003_S_1122,2,76,3,0,3
051_S_1123,2,75,5,1,4
006_S_1130,2,71,5,1,4
051_S_1131,1,86,3,0,3
012_S_1133,2,79,3,0,1
002_S_1155,1,57,3,0,3
032_S_1169,2,72,3,0,2
013_S_1186,1,83,3,0,4
126_S_1187,1,76,5,1,3
023_S_1190,2,76,3,0,4
941_S_1195,1,76,3,0,1
941_S_1202,1,77,3,0,3
941_S_1203,1,83,3,0,3
007_S_1206,1,72,3,0,1
029_S_1218,2,85,2,0,3
007_S_1222,2,73,2,0,1
100_S_1226,1,82,3,0,3
116_S_1232,2,72,3,0,1
116_S_1243,1,77,5,1,4
129_S_1246,1,72,5,1,3
116_S_1249,2,70,5,1,4
052_S_1250,2,73,2,0,1
141_S_1255,2,76,3,0,4
082_S_1256,2,71,5,1,1
041_S_1260,1,71,3,0,3
002_S_1261,2,71,3,0,2
002_S_1268,1,82,5,1,4
057_S_1269,1,73,2,0,3
116_S_1271,1,71,5,1,4
002_S_1280,2,70,5,1,1
011_S_1282,2,77,3,0,4
100_S_1286,2,75,3,0,1
020_S_1288,1,59,3,0,1
123_S_1300,2,73,3,0,3
029_S_1318,2,82,3,0,4
016_S_1326,1,66,5,1,4
051_S_1331,2,76,3,0,4
052_S_1346,1,72,5,1,4
022_S_1351,2,71,6,1,4
052_S_1352,1,85,3,0,3
141_S_1378,2,61,5,1,2
072_S_1380,1,84,3,0,3
027_S_1387,1,85,5,1,4
022_S_1394,1,77,5,1,4
128_S_1406,2,61,3,0,4
128_S_1407,2,74,5,1,4
128_S_1408,1,71,3,0,3
137_S_1414,1,74,5,1,3
094_S_1417,1,63,3,0,3
041_S_1418,1,81,3,0,3
127_S_1419,1,77,5,1,3
041_S_1425,2,75,3,0,4
127_S_1427,2,69,3,0,4
128_S_2002,1,64,3,0,1
128_S_2003,2,63,3,0,2
016_S_2007,2,83,3,0,4
002_S_2010,2,62,5,1,1
128_S_2011,2,69,3,0,2
031_S_2018,2,76,3,0,1
031_S_2022,1,66,5,1,1
072_S_2026,2,82,3,0,2
072_S_2027,2,61,3,0,2
016_S_2031,1,72,3,0,2
128_S_2036,2,66,3,0,2
072_S_2037,1,75,4,1,2
099_S_2042,1,69,3,0,2
002_S_2043,2,72,5,1,2
128_S_2045,1,72,5,1,2
098_S_2047,1,77,5,1,4
098_S_2052,1,73,3,0,2
123_S_2055,1,75,5,1,2
007_S_2058,2,83,5,1,2
941_S_2060,2,73,3,0,2
035_S_2061,2,66,3,0,2
099_S_2063,1,68,5,1,2
023_S_2068,1,83,5,1,2
072_S_2070,2,57,3,0,2
072_S_2072,1,72,3,0,2
002_S_2073,2,63,3,0,1
035_S_2074,1,62,5,1,2
098_S_2079,1,65,3,0,2
072_S_2083,2,88,3,0,2
022_S_2087,1,69,5,1,4
072_S_2093,2,59,5,1,2
082_S_2099,2,83,3,0,2
021_S_2100,2,87,3,0,2
007_S_2106,1,77,3,0,4
153_S_2109,1,75,3,0,2
072_S_2116,1,61,2,0,2
032_S_2119,1,71,2,0,2
082_S_2121,2,67,5,1,2
128_S_2123,2,63,3,0,2
021_S_2124,2,82,3,0,2
021_S_2125,2,78,3,0,2
128_S_2130,1,76,3,0,2
018_S_2133,2,62,6,1,4
018_S_2138,1,81,5,1,2
021_S_2142,2,82,3,0,2
099_S_2146,1,66,3,0,1
153_S_2148,2,67,3,0,2
021_S_2150,1,72,5,1,2
128_S_2151,1,70,2,0,2
073_S_2153,1,76,2,0,2
018_S_2155,2,68,6,1,4
072_S_2164,2,70,3,0,2
022_S_2167,1,80,3,0,2
068_S_2168,1,71,2,0,2
068_S_2171,2,65,5,1,2
018_S_2180,2,77,3,0,2
073_S_2182,1,65,3,0,2
027_S_2183,1,83,3,0,2
068_S_2184,2,80,4,1,1
014_S_2185,1,73,3,0,4
068_S_2187,2,57,5,1,2
073_S_2190,1,82,3,0,2
073_S_2191,2,66,3,0,2
068_S_2194,2,71,5,1,2
067_S_2195,1,68,6,1,4
067_S_2196,2,68,5,1,2
035_S_2199,1,83,3,0,2
109_S_2200,2,76,3,0,2
094_S_2201,2,63,3,0,1
099_S_2205,1,84,3,0,2
009_S_2208,1,68,5,1,2
141_S_2210,2,79,3,0,2
127_S_2213,2,82,3,0,4
094_S_2216,1,68,5,1,4
027_S_2219,1,74,3,0,2
128_S_2220,1,82,3,0,2
073_S_2225,1,70,3,0,2
031_S_2233,2,55,5,1,1
127_S_2234,2,63,2,0,1
109_S_2237,1,65,3,0,2
094_S_2238,1,68,3,0,2
024_S_2239,2,73,5,1,2
032_S_2240,1,78,5,1,2
027_S_2245,2,57,6,1,2
032_S_2247,1,65,3,0,2
068_S_2248,1,76,5,1,4
052_S_2249,1,75,3,0,2
022_S_2263,1,62,5,1,1
073_S_2264,1,69,5,1,2
011_S_2274,1,64,5,1,4
109_S_2278,1,56,5,1,2
016_S_2284,1,76,5,1,2
067_S_2301,1,65,3,0,1
067_S_2304,1,61,2,0,2
082_S_2307,2,78,3,0,2
014_S_2308,1,74,3,0,2
068_S_2315,2,68,3,0,2
068_S_2316,2,74,5,1,4
013_S_2324,2,56,5,1,2
129_S_2332,2,70,2,0,1
141_S_2333,1,67,5,1,2
027_S_2336,2,72,5,1,2
129_S_2347,1,71,5,1,2
053_S_2357,1,71,2,0,2
126_S_2360,1,63,5,1,2
123_S_2363,1,58,3,0,2
094_S_2367,1,74,5,1,2
130_S_2373,2,79,5,1,4
003_S_2374,2,81,3,0,2
029_S_2376,1,81,5,1,2
036_S_2378,1,59,5,1,1
022_S_2379,1,66,3,0,1
036_S_2380,1,67,6,1,2
009_S_2381,1,69,6,1,4
013_S_2389,2,57,3,0,5
005_S_2390,2,87,3,0,2
130_S_2391,2,71,5,1,4
114_S_2392,2,64,3,0,2
007_S_2394,1,67,6,1,2
029_S_2395,1,72,5,1,2
053_S_2396,2,70,3,0,2
057_S_2398,1,71,6,1,4
130_S_2403,2,79,3,0,4
126_S_2405,2,71,3,0,2
126_S_2407,2,68,3,0,2
037_S_4001,2,88,3,0,4
098_S_4003,2,72,5,1,1
041_S_4004,2,66,3,0,1
031_S_4005,1,70,5,1,2
072_S_4007,1,78,5,1,2
016_S_4009,1,>89,3,0,4
116_S_4010,2,70,3,0,1
012_S_4012,2,68,3,0,2
041_S_4014,1,80,3,0,1
037_S_4015,2,73,5,1,4
098_S_4018,1,76,3,0,1
023_S_4020,1,66,2,0,1
031_S_4021,1,66,3,0,1
099_S_4022,1,86,5,1,2
031_S_4024,2,55,5,1,4
012_S_4026,1,73,2,0,1
037_S_4028,2,63,3,0,1
031_S_4029,1,61,6,1,3
037_S_4030,2,68,5,1,4
031_S_4032,2,70,3,0,1
023_S_4034,2,72,6,1,3
023_S_4035,2,72,5,1,4
941_S_4036,1,74,3,0,2
041_S_4037,1,75,3,0,1
014_S_4039,1,55,5,1,4
041_S_4041,2,77,3,0,4
031_S_4042,1,57,3,0,4
116_S_4043,1,82,3,0,1
098_S_4050,1,77,3,0,1
041_S_4051,1,70,3,0,1
141_S_4053,1,75,6,1,3
067_S_4054,2,68,3,0,1
072_S_4057,1,81,5,1,4
014_S_4058,2,84,5,1,4
098_S_4059,1,71,6,1,2
041_S_4060,1,84,2,0,1
068_S_4061,2,64,5,1,1
072_S_4063,2,59,3,0,2
068_S_4067,1,64,3,0,2
037_S_4071,1,84,3,0,2
067_S_4072,2,62,3,0,1
129_S_4073,1,76,2,0,2
011_S_4075,1,73,5,1,1
099_S_4076,2,72,3,0,1
153_S_4077,1,75,3,0,3
014_S_4079,2,64,5,1,4
014_S_4080,2,78,3,0,1
003_S_4081,2,72,5,1,1
035_S_4082,1,75,5,1,1
024_S_4084,2,68,3,0,1
099_S_4086,1,81,3,0,1
094_S_4089,1,73,5,1,4
082_S_4090,1,71,2,0,1
116_S_4092,2,81,3,0,2
014_S_4093,2,70,3,0,1
012_S_4094,2,60,3,0,4
098_S_4095,1,88,2,0,4
123_S_4096,1,84,6,1,4
016_S_4097,2,70,3,0,1
941_S_4100,2,78,3,0,3
072_S_4102,2,66,3,0,4
072_S_4103,1,70,3,0,1
099_S_4104,1,72,3,0,1
011_S_4105,2,70,3,0,1
035_S_4114,2,55,5,1,4
023_S_4115,1,67,3,0,4
003_S_4119,1,79,3,0,1
011_S_4120,2,81,3,0,1
016_S_4121,1,89,3,0,2
023_S_4122,1,66,3,0,3
153_S_4125,2,75,5,1,1
123_S_4127,2,63,3,0,2
012_S_4128,2,72,5,1,2
072_S_4131,1,82,5,1,4
153_S_4133,1,79,5,1,2
068_S_4134,2,68,5,1,2
003_S_4136,1,66,5,1,4
041_S_4138,2,88,2,0,4
153_S_4139,2,70,3,0,1
041_S_4143,2,63,3,0,2
037_S_4146,1,61,6,1,2
127_S_4148,1,72,3,0,1
031_S_4149,1,73,5,1,4
006_S_4150,1,73,3,0,1
153_S_4151,1,72,2,0,1
003_S_4152,1,60,3,0,4
006_S_4153,1,79,5,1,4
073_S_4155,2,77,5,1,1
099_S_4157,2,81,3,0,4
024_S_4158,1,84,2,0,1
153_S_4159,2,71,3,0,2
141_S_4160,1,74,3,0,2
094_S_4162,2,71,6,1,4
023_S_4164,1,72,3,0,1
116_S_4167,2,69,5,1,4
005_S_4168,1,82,5,1,1
024_S_4169,2,62,3,0,3
123_S_4170,2,65,4,1,3
002_S_4171,1,69,3,0,4
153_S_4172,1,75,3,0,4
022_S_4173,2,69,2,0,1
068_S_4174,2,73,5,1,1
116_S_4175,1,75,5,1,4
033_S_4176,1,84,5,1,1
033_S_4177,1,85,3,0,1
033_S_4179,1,83,6,1,2
067_S_4184,2,62,3,0,1
005_S_4185,1,80,3,0,2
941_S_4187,1,62,2,0,1
012_S_4188,1,77,5,1,4
136_S_4189,2,73,5,1,4
006_S_4192,1,82,5,1,4
031_S_4194,1,62,2,0,3
116_S_4195,1,62,6,1,4
022_S_4196,1,78,3,0,1
127_S_4197,1,79,5,1,4
127_S_4198,2,78,5,1,3
116_S_4199,1,59,3,0,2
041_S_4200,2,70,2,0,1
098_S_4201,2,64,6,1,4
099_S_4202,1,70,2,0,2
031_S_4203,2,74,5,1,4
099_S_4205,2,81,3,0,2
072_S_4206,1,68,3,0,2
082_S_4208,1,78,3,0,1
116_S_4209,2,77,3,0,4
127_S_4210,1,63,5,1,3
137_S_4211,2,80,3,0,4
067_S_4212,1,64,2,0,1
002_S_4213,2,78,3,0,1
037_S_4214,1,74,3,0,1
098_S_4215,1,81,5,1,4
073_S_4216,1,56,2,0,2
068_S_4217,1,76,3,0,2
031_S_4218,1,80,3,0,3
002_S_4219,2,79,3,0,3
129_S_4220,2,71,3,0,2
011_S_4222,2,82,5,1,1
024_S_4223,1,75,3,0,4
082_S_4224,1,75,3,0,1
002_S_4225,1,69,5,1,4
072_S_4226,2,62,3,0,2
002_S_4229,1,66,3,0,3
141_S_4232,1,74,3,0,2
094_S_4234,1,70,5,1,2
011_S_4235,1,63,3,0,2
002_S_4237,2,80,3,0,2
127_S_4240,1,70,6,1,4
023_S_4243,1,79,3,0,4
082_S_4244,1,>89,2,0,3
021_S_4245,1,73,5,1,4
130_S_4250,1,78,5,1,4
002_S_4251,1,71,3,0,3
019_S_4252,2,86,5,1,4
021_S_4254,2,85,3,0,2
941_S_4255,1,72,5,1,1
035_S_4256,2,62,5,1,2
018_S_4257,1,78,3,0,1
137_S_4258,1,75,5,1,4
073_S_4259,2,63,5,1,2
109_S_4260,2,77,1,0,2
002_S_4262,2,72,3,0,4
014_S_4263,1,74,5,1,4
022_S_4266,2,69,5,1,1
013_S_4268,2,63,3,0,1
136_S_4269,2,65,2,0,1
002_S_4270,2,74,5,1,3
041_S_4271,1,61,2,0,4
007_S_4272,1,70,3,0,2
068_S_4274,1,63,5,1,2
098_S_4275,1,72,3,0,1
021_S_4276,2,73,5,1,1
032_S_4277,2,71,2,0,1
011_S_4278,1,75,5,1,2
029_S_4279,1,83,3,0,1
024_S_4280,1,79,5,1,4
135_S_4281,2,77,3,0,2
094_S_4282,1,89,5,1,4
019_S_4285,1,74,3,0,2
129_S_4287,2,70,5,1,3
003_S_4288,2,72,3,0,1
029_S_4290,1,73,5,1,2
022_S_4291,2,75,3,0,1
941_S_4292,1,70,3,0,1
019_S_4293,1,69,3,0,4
130_S_4294,2,75,5,1,4
153_S_4297,1,83,4,1,2
137_S_4299,2,76,2,0,2
073_S_4300,2,80,3,0,3
127_S_4301,1,74,3,0,2
037_S_4302,1,76,3,0,3
137_S_4303,2,80,5,1,4
029_S_4307,1,78,5,1,4
037_S_4308,1,74,2,0,1
135_S_4309,1,68,5,1,2
067_S_4310,2,62,5,1,1
073_S_4311,2,72,3,0,3
073_S_4312,1,69,4,1,2
018_S_4313,2,77,5,1,1
022_S_4320,2,70,3,0,1
009_S_4324,2,62,4,1,4
029_S_4327,1,82,6,1,2
014_S_4328,2,67,5,1,2
137_S_4331,2,75,5,1,4
068_S_4332,1,69,3,0,1
021_S_4335,2,71,3,0,1
009_S_4337,1,71,3,0,2
116_S_4338,1,80,3,0,4
082_S_4339,1,84,6,1,1
068_S_4340,2,66,3,0,1
130_S_4343,1,79,3,0,1
006_S_4346,1,71,6,1,4
032_S_4348,2,66,6,1,1
018_S_4349,2,71,3,0,1
003_S_4350,1,72,3,0,1
137_S_4351,2,67,5,1,2
130_S_4352,1,83,3,0,1
016_S_4353,2,55,5,1,4
003_S_4354,1,75,3,0,3
135_S_4356,1,68,3,0,2
006_S_4357,2,73,3,0,1
009_S_4359,1,76,5,1,3
073_S_4360,2,59,3,0,2
006_S_4363,2,73,3,0,4
941_S_4365,1,80,3,0,3
011_S_4366,1,73,5,1,4
019_S_4367,2,65,5,1,1
129_S_4369,1,68,3,0,1
129_S_4371,1,67,5,1,1
153_S_4372,2,70,3,0,1
003_S_4373,2,71,5,1,4
941_S_4376,2,76,3,0,1
941_S_4377,2,69,5,1,3
114_S_4379,2,87,3,0,4
037_S_4381,2,55,5,1,1
073_S_4382,2,75,3,0,1
072_S_4383,1,71,2,0,2
029_S_4384,1,62,3,0,1
029_S_4385,2,68,5,1,4
032_S_4386,2,84,3,0,1
007_S_4387,2,76,5,1,1
009_S_4388,1,66,6,1,1
072_S_4390,2,76,3,0,2
072_S_4391,1,74,3,0,1
024_S_4392,1,82,3,0,2
073_S_4393,1,73,3,0,1
072_S_4394,2,75,3,0,3
013_S_4395,2,72,3,0,1
129_S_4396,2,78,3,0,1
018_S_4399,2,77,5,1,1
018_S_4400,1,71,5,1,2
014_S_4401,2,67,5,1,1
021_S_4402,2,72,4,1,4
073_S_4403,2,74,6,1,3
114_S_4404,2,82,3,0,4
130_S_4405,1,71,5,1,2
135_S_4406,1,78,3,0,4
136_S_4408,1,74,2,0,3
037_S_4410,2,69,3,0,1
035_S_4414,2,60,5,1,4
130_S_4415,2,75,6,1,4
130_S_4417,1,74,3,0,2
021_S_4419,2,63,4,1,1
941_S_4420,1,81,3,0,2
021_S_4421,2,75,2,0,1
129_S_4422,2,70,2,0,4
141_S_4423,1,77,3,0,3
068_S_4424,2,66,5,1,1
141_S_4426,1,77,2,0,3
041_S_4427,1,71,3,0,1
082_S_4428,1,72,3,0,1
032_S_4429,1,77,3,0,1
036_S_4430,1,80,3,0,4
068_S_4431,1,74,3,0,2
136_S_4433,2,76,5,1,1
094_S_4434,1,66,3,0,2
141_S_4438,1,76,3,0,2
003_S_4441,2,68,3,0,1
073_S_4443,1,67,3,0,2
022_S_4444,1,77,3,0,1
072_S_4445,1,73,3,0,2
135_S_4446,2,68,3,0,2
002_S_4447,2,67,5,1,2
023_S_4448,2,63,3,0,1
006_S_4449,2,66,3,0,1
116_S_4453,1,65,3,0,1
109_S_4455,1,64,3,0,2
141_S_4456,1,77,3,0,3
126_S_4458,2,76,5,1,4
072_S_4462,1,71,3,0,4
099_S_4463,1,66,5,1,2
035_S_4464,1,70,5,1,1
072_S_4465,2,61,5,1,2
137_S_4466,1,79,3,0,1
007_S_4467,2,61,6,1,2
130_S_4468,2,62,3,0,2
100_S_4469,1,66,5,1,1
002_S_4473,1,74,5,1,2
031_S_4474,1,85,3,0,2
099_S_4475,1,83,5,1,2
031_S_4476,1,88,3,0,2
019_S_4477,2,82,5,1,4
099_S_4480,2,63,5,1,2
137_S_4482,2,77,3,0,1
116_S_4483,2,69,3,0,1
006_S_4485,1,73,3,0,1
007_S_4488,1,72,3,0,1
135_S_4489,1,74,3,0,3
036_S_4491,1,84,3,0,1
126_S_4494,1,71,6,1,4
031_S_4496,2,76,5,1,1
099_S_4498,2,77,3,0,2
109_S_4499,1,83,2,0,3
127_S_4500,2,>89,3,0,4
023_S_4501,1,79,5,1,4
094_S_4503,2,71,3,0,1
033_S_4505,2,80,3,0,1
098_S_4506,1,71,3,0,2
126_S_4507,1,78,5,1,4
033_S_4508,2,77,3,0,1
041_S_4510,2,66,5,1,3
041_S_4513,1,60,5,1,1
126_S_4514,2,67,5,1,2
006_S_4515,1,74,5,1,4
007_S_4516,1,71,3,0,1
002_S_4521,1,70,5,1,4
072_S_4522,1,66,3,0,2
123_S_4526,1,79,6,1,4
009_S_4530,1,75,5,1,4
072_S_4539,2,66,3,0,2
073_S_4540,2,71,2,0,2
130_S_4542,2,79,6,1,4
012_S_4545,2,67,2,0,1
006_S_4546,1,71,5,1,4
011_S_4547,1,77,3,0,4
019_S_4548,1,84,3,0,3
019_S_4549,1,79,2,0,4
073_S_4552,1,63,5,1,1
128_S_4553,2,68,3,0,2
003_S_4555,2,65,5,1,1
053_S_4557,2,83,3,0,2
073_S_4559,2,67,2,0,1
036_S_4562,1,63,6,1,3
009_S_4564,2,64,5,1,3
099_S_4565,1,82,3,0,2
135_S_4566,2,83,5,1,2
128_S_4571,1,60,5,1,2
014_S_4576,2,70,3,0,1
014_S_4577,1,84,6,1,2
053_S_4578,2,69,2,0,1
035_S_4582,2,66,5,1,4
130_S_4589,2,75,6,1,4
031_S_4590,2,60,3,0,3
016_S_4591,2,65,5,1,4
013_S_4595,1,76,3,0,4
137_S_4596,1,65,3,0,4
018_S_4597,2,68,3,0,4
135_S_4598,2,65,3,0,1
128_S_4599,1,59,5,1,1
127_S_4604,1,65,5,1,1
130_S_4605,2,84,3,0,3
128_S_4607,2,56,5,1,1
007_S_4611,1,66,5,1,3
009_S_4612,2,68,5,1,1
072_S_4613,1,67,2,0,2
007_S_4620,1,77,3,0,1
153_S_4621,1,69,3,0,2
116_S_4625,1,63,6,1,4
116_S_4635,2,72,5,1,2
128_S_4636,2,77,5,1,3
130_S_4641,2,73,6,1,3
012_S_4643,2,65,3,0,1
127_S_4645,2,76,2,0,1
135_S_4657,2,71,5,1,4
021_S_4659,1,85,6,1,4
130_S_4660,2,77,5,1,4
014_S_4668,1,70,5,1,4
137_S_4672,1,66,6,1,4
135_S_4676,1,78,5,1,4
126_S_4686,1,71,5,1,4
070_S_4692,1,83,6,1,4
018_S_4696,2,73,5,1,4
005_S_4707,1,67,5,1,4
