,Chromosome,Position,MarkerName,Effect_allele,Non_Effect_allele,Beta,SE,Pvalue
6665069,19,45394969,rs184017,G,T,0.9704,0.0208,0.0
6665074,19,45395844,rs34095326,A,G,1.0392,0.0258,0.0
6665075,19,45395909,rs34404554,G,C,1.0536,0.0228,0.0
6665073,19,45395714,rs157581,C,T,0.9508,0.0205,0.0
6665072,19,45395619,rs2075650,G,A,1.0415,0.0226,0.0
6665068,19,45394336,rs71352238,C,T,1.0453,0.0227,0.0
6665064,19,45390333,rs283815,G,A,0.9589,0.0213,0.0
6665065,19,45392254,rs6857,T,C,1.161,0.0226,0.0
6665132,19,45415935,rs7256200,T,G,1.2812,0.0262,0.0
6665076,19,45396144,rs11556505,T,C,1.0651,0.0231,0.0
6665077,19,45396219,rs157582,T,C,0.9457,0.0212,0.0
6665133,19,45416178,rs483082,T,G,0.916,0.0222,0.0
6665125,19,45413576,rs75627662,T,C,0.879,0.0228,0.0
6665138,19,45418790,rs5117,C,T,1.2736,0.0302,0.0
6665156,19,45428234,rs66626994,A,G,1.3708,0.031,0.0
6665121,19,45411941,rs429358,C,T,1.3503,0.0272,0.0
6665078,19,45396665,rs59007384,T,G,0.9812,0.0208,0.0
6665060,19,45388500,rs283811,G,A,0.9726,0.0218,0.0
6665154,19,45427125,rs111789331,A,T,1.3811,0.0321,0.0
6665142,19,45421254,rs12721046,A,G,1.2498,0.0284,0.0
